category,caption
shoes,a person sitting on top of a wooden bench
shoes,unpaired red Nike sneaker
shoes,brown Nike sneaker on yellow textile
shoes,unpaired maroon plimsoll on top of yellow textile
shoes,a person with their feet up in the air
shoes,white and blue nike air force 1 high
shoes,pair of white-and-orange athletic shoes on white box
shoes,green and black nike athletic shoe
shoes,"Various colorful sports shoes laid on sand beach background, studio shot, flat lay."
shoes,unpaired OFF WHITE X Nike Air Force 1 low-top sneaker
shoes,white and red nike athletic shoe
shoes,person wearing white Nike running shoes standing on black concrete path
shoes,unpaired gray Nike running shoe
shoes,pair of blue-and-pink floral almond-toe pumps
shoes,pair of gray running shoes
shoes,Close up of a young skater girl's feet and skateboard
shoes,white black and red nike air max 90
shoes,a pair of white and brown shoes on a table
shoes,unpaired red Air Jordan 12
sneakers,a man sitting on a brick wall next to a skateboard
sneakers,a person wearing a hat
sneakers,black white and red nike high top sneaker
sneakers,two people sitting on the ground with their legs crossed
sneakers,pair of black-white-and-red Air Jordan 1 shoes
sneakers,Nike shoe lot
sneakers,white nike air force 1 low
sneakers,person wearing white nike sneakers
sneakers,a man holding a pair of purple shoes
sneakers,close-up photography of person wears brown-and-white Nike Air Max
sneakers,person holding white and red heart print box
sneakers,pair of Carhartt x Nike Air Force 1 shoes
sneakers,Legs and sneakers of teenage boys and girls standing on the sidewalk
sneakers,man sitting on the ledge of a building wearing Air Jordan 1 low-top shoes
sneakers,blue white and red neon light
sneakers,person wearing black pants and blue and white nike sneakers
heels,a person standing on top of a wooden stool
heels,woman in pink patent leather stilettos
heels,woman in black leather heeled shoes
heels,a pair of shoes sitting on top of a couch
heels,red and white plastic frame on white table
heels,pair of women's brown pointed-toe pumps on board
heels,woman wearing brown leather heeled sandals walking on staircase
heels,a pair of woman's legs wearing black gloves and red high heels
heels,a pair of purple high heeled shoes on a woman's leg
heels,person in black pants and red shoes
heels,womens white and silver peep toe pumps
heels,a woman wearing red high heels standing on a wooden floor
heels,black leather boot on white surface
heels,gray leather peep toe sandals
heels,brown leather boots on white table
heels,a woman's legs wearing red high heels
heels,black leather peep toe heeled shoes
heels,women's seven assorted-color footwear on surface
heels,womens brown leather peep toe heeled shoes
watches,a man is holding onto a railing in a room
watches,blue and silver analog watch at 10 00
watches,gold and white analog watch
watches,round silver-colored analog watch with black strap
watches,Close up of man putting watch on his hand.
watches,brown and white analog watch at 10 10
watches,round silver-colored watch on rack during sunset
watches,silver and black chronograph watch
watches,a person holding a cup of tea in their hand
watches,round gray analog watch with brown band
watches,watch at 10:34
watches,silver and white round analog watch
watches,Man in black suit wear new watches. Luxury style
watches,person wearing silver link bracelet round analog watch
watches,round silver-colored Nomos watch at 10:10
watches,silver link bracelet round chronograph watch
watches,a woman sitting at a table with a cell phone in her hand
watches,black and silver round analog watch
watches,watch at 8:45
watches,blue and gold analog watch
pants,three pairs of jeans are lined up on a white surface
pants,person in pink pants and white shoes
pants,blue denim jeans on white textile
pants,person wears blue jeans
pants,a pair of black leather boots sitting on top of a pile of blue jeans
pants,man wearing brown fitted jeans and sneakers standing on road at daytime
pants,three assorted-color denim bottoms
pants,blue denim jeans on brown clothes hanger
pants,a man walking across a bridge carrying a suitcase
pants,man in white t-shirt and black pants standing on white floor
pants,woman in orange pants
pants,selective focus photography of hanged denim jeans
pants,a person sitting on a bench with their legs crossed
pants,woman in blue denim jeans and white sneakers
pants,blue denim jeans on black surface
pants,a pair of hands holding a pair of jeans
pants,closeup photo of person hiding his right hand in his pocket
pants,woman in white tank top and blue denim jeans standing on beach during daytime
pants,woman in gray tank top and gray pants
clothing,a piece of cloth sitting on top of a table
clothing,"gray cardigan, blue jeans, and pair of brown chunky heeled shoes"
clothing,green clothes hanger
clothing,closeup of hanged shirts on rack
clothing,a woman holding a pair of jeans
clothing,women's white long sleeve shirt
clothing,pair of white low-top sneakers
clothing,hanged jeans lot
clothing,a close up of a pair of blue jeans
clothing,gray dress shirt hang on brown wooden rack in front of window with white curtain
clothing,white and red nike air force 1 high
clothing,woman standing selecting clothes
clothing,a stack of folded clothes on a table next to a lamp
clothing,woman waering black blouse and hat
clothing,woman in red long sleeve dress
clothing,assorted color folded shirts on wooden panel
clothing,a pile of folded clothes sitting on top of a brown leather chair
clothing,selective focus photography of hanged three gray tee shirts
clothing,white and blue cat-printed crew-neck T-shirt
clothing,assorted-color shirt lot hang on rack
dress,a woman sitting on a bed in a room
dress,woman in red sleeveless dress standing on gray concrete floor during daytime
dress,green sleeveless dress hanged on white wall
dress,woman in seashore
dress,a woman standing on a beach holding a banana leaf
dress,woman walking on seaside while holding woven bag
dress,woman in yellow and white floral dress
dress,woman wearing black turtleneck long-sleeved dress
dress,a woman kneeling on a white background posing for a picture
dress,woman walking down stair under clear blue sky during daytime
dress,black leather spaghetti strap dress
dress,woman standing in front of white wall
dress,woman in beige floral sleeveless dress
dress,woman wearing pink dress while standing near black metal rail at daytime
dress,a rack of clothes hanging on a wall
dress,woman in brown long sleeve dress standing beside gray wall
dress,woman in green long sleeve dress standing on brown field during daytime
dress,selective focus photo of smiling woman wearing black dress standing on concrete pavement
shirt,a close up of an umbrella with a metal handle
shirt,white crew neck t-shirt
shirt,man in white dress shirt wearing black sunglasses
shirt,gray button up long sleeve shirt
shirt,"A young businessman standing in corridor outside office, looking at camera."
shirt,black crew neck t-shirt
shirt,blue and white checkered dress shirt
shirt,man in black and white plaid button up shirt wearing black sunglasses
shirt,white button up shirt on clothes hanger
shirt,white crew neck long sleeve shirt
shirt,A fathers day greeting card concept. Flat lay. Copy space.
shirt,man in white dress shirt with black and white polka dots necktie
shirt,woman wearing orange crew-neck sweatshirt standing while putting right hand on her head
shirt,a person holding a white shirt on a hanger
shirt,man in blue dress shirt wearing black sunglasses
shirt,man in white crew neck t-shirt standing on green grass field during daytime
t-shirt,a young man wearing a black shirt and a chain around his neck
t-shirt,man wearing white crew-neck t-shirts
t-shirt,a woman sitting on the floor with her legs crossed
t-shirt,man in white crew neck t-shirt
t-shirt,smiling woman in black and white print t-shirt
t-shirt,woman in black crew neck t-shirt and blue denim jeans
t-shirt,photo of blue crew-neck tops
t-shirt,a woman in a white shirt and a pink hat
t-shirt,woman in black crew neck t-shirt standing near painting
t-shirt,men's white crew-neck t-shirt
t-shirt,man wearing white crew-neck t-shirt
t-shirt,man in pink crew neck t-shirt wearing black sunglasses
t-shirt,man in black crew neck t-shirt standing during daytime
